path,label
dataset/stuttering/WomenWhoStutter_101_109_0.wav,stuttering
dataset/stuttering/WomenWhoStutter_100_5_0.wav,stuttering
dataset/stuttering/WomenWhoStutter_107_11_0.wav,stuttering
dataset/normal/652-130726-0002_1.wav,normal
dataset/articulation/0223_1.wav,articulation
dataset/articulation/0009_0.wav,articulation
dataset/stuttering/StutteringIsCool_69_12_0.wav,stuttering
dataset/normal/2902-9006-0016_1.wav,normal
dataset/stuttering/WomenWhoStutter_101_154_0.wav,stuttering
dataset/normal/1673-143396-0001_2.wav,normal
dataset/normal/2035-147961-0002_0.wav,normal
dataset/stuttering/StutteringIsCool_80_71_0.wav,stuttering
dataset/articulation/0052_0.wav,articulation
dataset/normal/652-130726-0006_0.wav,normal
dataset/articulation/0243_0.wav,articulation
dataset/normal/2035-152373-0017_0.wav,normal
dataset/normal/174-84280-0012_1.wav,normal
dataset/normal/3081-166546-0059_0.wav,normal
dataset/articulation/0180_15.wav,articulation
dataset/articulation/0076_0.wav,articulation
dataset/articulation/0118_0.wav,articulation
dataset/articulation/0162_0.wav,articulation
dataset/stuttering/WomenWhoStutter_103_119_0.wav,stuttering
dataset/stuttering/WomenWhoStutter_97_190_0.wav,stuttering
dataset/stuttering/WomenWhoStutter_100_6_0.wav,stuttering
dataset/normal/2035-152373-0005_2.wav,normal
dataset/articulation/0180_30.wav,articulation
dataset/normal/2035-152373-0009_1.wav,normal
dataset/normal/422-122949-0027_0.wav,normal
dataset/stuttering/WomenWhoStutter_103_94_0.wav,stuttering
dataset/articulation/0039_0.wav,articulation
dataset/articulation/0180_10.wav,articulation
dataset/articulation/0150_0.wav,articulation
dataset/normal/2902-9006-0003_1.wav,normal
dataset/articulation/0136_0.wav,articulation
dataset/stuttering/StutteringIsCool_80_61_0.wav,stuttering
dataset/normal/174-168635-0018_4.wav,normal
dataset/stuttering/WomenWhoStutter_99_84_0.wav,stuttering
dataset/articulation/0131_0.wav,articulation
dataset/articulation/0206_0.wav,articulation
dataset/stuttering/StutteringIsCool_80_81_0.wav,stuttering
dataset/articulation/0089_0.wav,articulation
dataset/normal/1673-143397-0008_0.wav,normal
dataset/normal/2277-149874-0000_2.wav,normal
dataset/articulation/0165_0.wav,articulation
dataset/normal/2902-9006-0010_0.wav,normal
dataset/stuttering/WomenWhoStutter_102_7_0.wav,stuttering
dataset/articulation/0146_1.wav,articulation
dataset/stuttering/StutteringIsCool_75_9_0.wav,stuttering
dataset/normal/1673-143397-0018_0.wav,normal
dataset/normal/652-130726-0023_0.wav,normal
dataset/stuttering/WomenWhoStutter_101_59_0.wav,stuttering
dataset/normal/652-130737-0006_0.wav,normal
dataset/articulation/0207_0.wav,articulation
dataset/articulation/0223_0.wav,articulation
dataset/articulation/0193_0.wav,articulation
dataset/stuttering/WomenWhoStutter_99_56_0.wav,stuttering
dataset/stuttering/StutteringIsCool_80_70_0.wav,stuttering
dataset/articulation/0132_0.wav,articulation
dataset/articulation/0049_1.wav,articulation
dataset/normal/3081-166546-0030_0.wav,normal
dataset/normal/1988-147956-0004_1.wav,normal
dataset/articulation/0123_0.wav,articulation
dataset/normal/1272-135031-0013_0.wav,normal
dataset/stuttering/WomenWhoStutter_101_91_0.wav,stuttering
dataset/articulation/0274_0.wav,articulation
dataset/articulation/0111_2.wav,articulation
dataset/normal/2277-149896-0019_0.wav,normal
dataset/articulation/0051_0.wav,articulation
dataset/stuttering/StutteringIsCool_81_26_0.wav,stuttering
dataset/normal/2902-9006-0007_2.wav,normal
dataset/normal/1673-143397-0005_0.wav,normal
dataset/stuttering/WomenWhoStutter_97_46_0.wav,stuttering
dataset/stuttering/StutteringIsCool_82_121_0.wav,stuttering
dataset/stuttering/WomenWhoStutter_97_171_0.wav,stuttering
dataset/normal/2035-152373-0011_1.wav,normal
dataset/normal/1919-142785-0028_0.wav,normal
dataset/normal/2086-149220-0002_0.wav,normal
dataset/normal/2035-152373-0012_1.wav,normal
dataset/stuttering/WomenWhoStutter_105_17_0.wav,stuttering
dataset/articulation/0113_0.wav,articulation
dataset/normal/1993-147964-0010_2.wav,normal
dataset/stuttering/WomenWhoStutter_97_14_0.wav,stuttering
dataset/stuttering/WomenWhoStutter_103_133_0.wav,stuttering
dataset/stuttering/WomenWhoStutter_103_87_0.wav,stuttering
dataset/articulation/0143_0.wav,articulation
dataset/normal/2412-153947-0009_1.wav,normal
dataset/stuttering/StutteringIsCool_82_69_0.wav,stuttering
dataset/normal/1993-147149-0009_1.wav,normal
dataset/articulation/0059_0.wav,articulation
dataset/stuttering/StutteringIsCool_69_37_0.wav,stuttering
dataset/articulation/0048_0.wav,articulation
dataset/stuttering/WomenWhoStutter_99_182_0.wav,stuttering
dataset/normal/2428-83699-0034_0.wav,normal
dataset/articulation/0043_0.wav,articulation
dataset/stuttering/WomenWhoStutter_99_103_0.wav,stuttering
dataset/articulation/0188_0.wav,articulation
dataset/normal/2078-142845-0034_1.wav,normal
dataset/articulation/0091_0.wav,articulation
dataset/normal/2035-147961-0012_0.wav,normal
dataset/stuttering/StutteringIsCool_74_13_0.wav,stuttering
dataset/stuttering/WomenWhoStutter_102_38_0.wav,stuttering
dataset/stuttering/WomenWhoStutter_99_124_0.wav,stuttering
dataset/normal/1988-147956-0011_0.wav,normal
dataset/normal/3000-15664-0027_0.wav,normal
dataset/normal/251-118436-0005_0.wav,normal
dataset/stuttering/WomenWhoStutter_99_193_0.wav,stuttering
dataset/normal/2803-154328-0018_2.wav,normal
dataset/stuttering/WomenWhoStutter_99_224_0.wav,stuttering
dataset/stuttering/WomenWhoStutter_103_132_0.wav,stuttering
dataset/stuttering/StutteringIsCool_73_31_0.wav,stuttering
dataset/stuttering/StutteringIsCool_73_8_0.wav,stuttering
dataset/normal/1673-143396-0018_1.wav,normal
dataset/stuttering/WomenWhoStutter_99_8_0.wav,stuttering
dataset/normal/3170-137482-0022_1.wav,normal
dataset/stuttering/StutteringIsCool_79_31_0.wav,stuttering
dataset/stuttering/StutteringIsCool_67_21_0.wav,stuttering
dataset/normal/3170-137482-0001_2.wav,normal
dataset/articulation/0187_0.wav,articulation
dataset/articulation/0180_19.wav,articulation
dataset/articulation/0069_0.wav,articulation
dataset/articulation/0141_0.wav,articulation
dataset/stuttering/WomenWhoStutter_101_174_0.wav,stuttering
dataset/articulation/0088_2.wav,articulation
dataset/normal/1272-141231-0008_0.wav,normal
dataset/normal/2086-149220-0013_0.wav,normal
dataset/stuttering/WomenWhoStutter_101_148_0.wav,stuttering
dataset/normal/2902-9006-0015_3.wav,normal
dataset/normal/1272-141231-0025_1.wav,normal
dataset/articulation/0124_0.wav,articulation
dataset/articulation/0182_0.wav,articulation
dataset/normal/2803-161169-0010_0.wav,normal
dataset/articulation/0250_0.wav,articulation
dataset/stuttering/StutteringIsCool_72_34_0.wav,stuttering
dataset/stuttering/StutteringIsCool_80_185_0.wav,stuttering
dataset/stuttering/WomenWhoStutter_100_20_0.wav,stuttering
dataset/normal/3081-166546-0079_1.wav,normal
dataset/articulation/0152_0.wav,articulation
dataset/articulation/0161_0.wav,articulation
dataset/normal/251-136532-0003_1.wav,normal
dataset/stuttering/WomenWhoStutter_99_110_0.wav,stuttering
dataset/articulation/0159_1.wav,articulation
dataset/stuttering/WomenWhoStutter_103_38_0.wav,stuttering
dataset/normal/2428-83699-0018_1.wav,normal
dataset/articulation/0212_0.wav,articulation
dataset/articulation/0194_0.wav,articulation
dataset/stuttering/WomenWhoStutter_99_220_0.wav,stuttering
dataset/normal/2428-83705-0015_0.wav,normal
dataset/stuttering/WomenWhoStutter_108_34_0.wav,stuttering
dataset/normal/2428-83705-0035_0.wav,normal
dataset/normal/2078-142845-0013_1.wav,normal
dataset/articulation/0084_0.wav,articulation
dataset/articulation/0099_0.wav,articulation
dataset/normal/2902-9008-0013_1.wav,normal
dataset/normal/2428-83705-0043_0.wav,normal
dataset/stuttering/StutteringIsCool_80_151_0.wav,stuttering
dataset/stuttering/WomenWhoStutter_105_13_0.wav,stuttering
dataset/normal/777-126732-0063_0.wav,normal
dataset/stuttering/WomenWhoStutter_109_11_0.wav,stuttering
dataset/stuttering/StutteringIsCool_78_29_0.wav,stuttering
dataset/normal/422-122949-0032_1.wav,normal
dataset/articulation/0217_0.wav,articulation
dataset/stuttering/StutteringIsCool_77_12_0.wav,stuttering
dataset/stuttering/StutteringIsCool_78_39_0.wav,stuttering
dataset/normal/2078-142845-0012_1.wav,normal
dataset/articulation/0246_0.wav,articulation
dataset/normal/2035-152373-0007_0.wav,normal
dataset/normal/422-122949-0006_1.wav,normal
dataset/stuttering/WomenWhoStutter_97_146_0.wav,stuttering
dataset/articulation/0069_1.wav,articulation
dataset/stuttering/WomenWhoStutter_103_51_0.wav,stuttering
dataset/normal/174-84280-0015_2.wav,normal
dataset/normal/2803-161169-0017_0.wav,normal
dataset/articulation/0232_1.wav,articulation
dataset/stuttering/WomenWhoStutter_101_143_0.wav,stuttering
dataset/normal/2412-153947-0014_1.wav,normal
dataset/articulation/0146_0.wav,articulation
dataset/normal/422-122949-0025_1.wav,normal
dataset/stuttering/WomenWhoStutter_97_48_0.wav,stuttering
dataset/stuttering/WomenWhoStutter_99_214_0.wav,stuttering
dataset/stuttering/StutteringIsCool_74_18_0.wav,stuttering
dataset/normal/777-126732-0015_1.wav,normal
dataset/articulation/0022_0.wav,articulation
dataset/stuttering/WomenWhoStutter_97_25_0.wav,stuttering
dataset/articulation/0172_0.wav,articulation
dataset/articulation/0180_32.wav,articulation
dataset/normal/2902-9006-0017_0.wav,normal
dataset/stuttering/WomenWhoStutter_109_1_0.wav,stuttering
dataset/articulation/0180_20.wav,articulation
dataset/articulation/0016_0.wav,articulation
dataset/normal/2412-153947-0006_0.wav,normal
dataset/normal/2902-9008-0001_1.wav,normal
dataset/stuttering/StutteringIsCool_80_167_0.wav,stuttering
dataset/stuttering/WomenWhoStutter_97_176_0.wav,stuttering
dataset/articulation/0174_0.wav,articulation
dataset/normal/2902-9008-0009_0.wav,normal
dataset/articulation/0173_0.wav,articulation
dataset/stuttering/StutteringIsCool_80_6_0.wav,stuttering
dataset/articulation/0179_0.wav,articulation
dataset/stuttering/WomenWhoStutter_97_94_0.wav,stuttering
dataset/stuttering/WomenWhoStutter_103_162_0.wav,stuttering
dataset/articulation/0119_0.wav,articulation
dataset/articulation/0205_0.wav,articulation
dataset/stuttering/WomenWhoStutter_97_83_0.wav,stuttering
dataset/normal/777-126732-0007_1.wav,normal
dataset/articulation/0224_0.wav,articulation
dataset/stuttering/WomenWhoStutter_108_31_0.wav,stuttering
dataset/normal/3081-166546-0042_0.wav,normal
dataset/normal/1919-142785-0008_1.wav,normal
dataset/normal/251-136532-0021_0.wav,normal
dataset/stuttering/WomenWhoStutter_101_27_0.wav,stuttering
dataset/articulation/0098_0.wav,articulation
dataset/stuttering/WomenWhoStutter_97_167_0.wav,stuttering
dataset/normal/2902-9006-0017_3.wav,normal
dataset/stuttering/WomenWhoStutter_103_171_0.wav,stuttering
dataset/articulation/0047_0.wav,articulation
dataset/normal/3000-15664-0036_0.wav,normal
dataset/articulation/0188_1.wav,articulation
dataset/normal/2035-147961-0001_0.wav,normal
dataset/normal/3000-15664-0031_0.wav,normal
dataset/normal/2412-153947-0009_0.wav,normal
dataset/normal/174-84280-0005_0.wav,normal
dataset/normal/2277-149897-0025_0.wav,normal
dataset/stuttering/WomenWhoStutter_101_175_0.wav,stuttering
dataset/articulation/0060_0.wav,articulation
dataset/stuttering/StutteringIsCool_81_31_0.wav,stuttering
dataset/articulation/0107_0.wav,articulation
dataset/articulation/0180_6.wav,articulation
dataset/articulation/0275_0.wav,articulation
dataset/stuttering/StutteringIsCool_77_37_0.wav,stuttering
dataset/normal/1272-128104-0008_0.wav,normal
dataset/articulation/0115_0.wav,articulation
dataset/articulation/0002_0.wav,articulation
dataset/normal/1462-170142-0005_1.wav,normal
dataset/normal/652-129742-0011_0.wav,normal
dataset/normal/1673-143396-0020_0.wav,normal
dataset/normal/2078-142845-0008_3.wav,normal
dataset/articulation/0066_1.wav,articulation
dataset/articulation/0240_0.wav,articulation
dataset/normal/3081-166546-0072_0.wav,normal
dataset/articulation/0197_1.wav,articulation
dataset/normal/2035-152373-0009_0.wav,normal
dataset/articulation/0057_0.wav,articulation
dataset/stuttering/WomenWhoStutter_99_169_0.wav,stuttering
dataset/normal/2086-149220-0011_3.wav,normal
dataset/stuttering/StutteringIsCool_81_33_0.wav,stuttering
dataset/articulation/0180_2.wav,articulation
dataset/normal/251-118436-0003_0.wav,normal
dataset/articulation/0189_0.wav,articulation
dataset/normal/777-126732-0042_0.wav,normal
dataset/articulation/0180_24.wav,articulation
dataset/stuttering/WomenWhoStutter_103_170_0.wav,stuttering
dataset/normal/251-137823-0020_0.wav,normal
dataset/normal/1673-143396-0010_0.wav,normal
dataset/stuttering/StutteringIsCool_80_83_0.wav,stuttering
dataset/articulation/0283_0.wav,articulation
dataset/articulation/0012_0.wav,articulation
dataset/articulation/0198_0.wav,articulation
dataset/articulation/0160_1.wav,articulation
dataset/normal/1919-142785-0049_0.wav,normal
dataset/normal/2086-149220-0006_0.wav,normal
dataset/articulation/0066_0.wav,articulation
dataset/stuttering/WomenWhoStutter_99_223_0.wav,stuttering
dataset/normal/2803-154320-0005_0.wav,normal
dataset/normal/251-136532-0000_0.wav,normal
dataset/stuttering/StutteringIsCool_74_34_0.wav,stuttering
dataset/stuttering/StutteringIsCool_78_1_0.wav,stuttering
dataset/normal/1673-143397-0010_1.wav,normal
dataset/normal/174-168635-0007_0.wav,normal
dataset/articulation/0230_0.wav,articulation
dataset/stuttering/WomenWhoStutter_103_11_0.wav,stuttering
dataset/stuttering/StutteringIsCool_80_35_0.wav,stuttering
dataset/normal/2035-152373-0001_2.wav,normal
dataset/stuttering/WomenWhoStutter_103_69_0.wav,stuttering
dataset/normal/3000-15664-0032_0.wav,normal
dataset/stuttering/StutteringIsCool_81_14_0.wav,stuttering
dataset/articulation/0135_0.wav,articulation
dataset/articulation/0030_0.wav,articulation
dataset/articulation/0013_0.wav,articulation
dataset/normal/84-121550-0031_1.wav,normal
dataset/articulation/0019_0.wav,articulation
dataset/normal/777-126732-0023_0.wav,normal
dataset/normal/2078-142845-0007_3.wav,normal
dataset/normal/251-137823-0004_1.wav,normal
dataset/normal/1272-141231-0019_0.wav,normal
dataset/stuttering/WomenWhoStutter_99_63_0.wav,stuttering
dataset/articulation/0158_0.wav,articulation
dataset/articulation/0094_0.wav,articulation
dataset/stuttering/StutteringIsCool_68_8_0.wav,stuttering
dataset/articulation/0163_0.wav,articulation
dataset/articulation/0100_0.wav,articulation
dataset/articulation/0029_0.wav,articulation
dataset/articulation/0119_1.wav,articulation
dataset/stuttering/StutteringIsCool_82_124_0.wav,stuttering
dataset/stuttering/WomenWhoStutter_99_180_0.wav,stuttering
dataset/normal/2428-83699-0042_0.wav,normal
dataset/normal/2428-83705-0025_0.wav,normal
dataset/stuttering/StutteringIsCool_78_17_0.wav,stuttering
dataset/articulation/0041_0.wav,articulation
dataset/stuttering/WomenWhoStutter_97_160_0.wav,stuttering
dataset/normal/1919-142785-0055_1.wav,normal
dataset/articulation/0180_35.wav,articulation
dataset/normal/1462-170138-0021_1.wav,normal
dataset/stuttering/WomenWhoStutter_108_32_0.wav,stuttering
dataset/articulation/0181_0.wav,articulation
dataset/articulation/0008_0.wav,articulation
dataset/normal/777-126732-0005_1.wav,normal
dataset/stuttering/WomenWhoStutter_97_95_0.wav,stuttering
dataset/stuttering/WomenWhoStutter_103_103_0.wav,stuttering
dataset/articulation/0214_0.wav,articulation
dataset/stuttering/WomenWhoStutter_98_14_0.wav,stuttering
dataset/normal/84-121123-0017_0.wav,normal
dataset/stuttering/WomenWhoStutter_97_65_0.wav,stuttering
dataset/normal/1993-147149-0003_2.wav,normal
dataset/normal/3170-137482-0031_0.wav,normal
dataset/normal/2277-149897-0015_0.wav,normal
dataset/articulation/0008_1.wav,articulation
dataset/stuttering/WomenWhoStutter_99_152_0.wav,stuttering
dataset/stuttering/WomenWhoStutter_101_208_0.wav,stuttering
dataset/normal/2035-147960-0000_0.wav,normal
dataset/stuttering/StutteringIsCool_74_14_0.wav,stuttering
dataset/articulation/0127_1.wav,articulation
dataset/normal/2803-161169-0013_0.wav,normal
dataset/articulation/0186_0.wav,articulation
dataset/articulation/0180_4.wav,articulation
dataset/normal/652-129742-0001_1.wav,normal
dataset/articulation/0169_0.wav,articulation
dataset/stuttering/StutteringIsCool_82_14_0.wav,stuttering
dataset/articulation/0284_0.wav,articulation
dataset/articulation/0011_0.wav,articulation
dataset/normal/1673-143396-0008_0.wav,normal
dataset/articulation/0058_0.wav,articulation
dataset/articulation/0222_0.wav,articulation
dataset/normal/3081-166546-0046_0.wav,normal
dataset/stuttering/WomenWhoStutter_99_33_0.wav,stuttering
dataset/stuttering/StutteringIsCool_80_198_0.wav,stuttering
dataset/articulation/0077_0.wav,articulation
dataset/normal/251-136532-0002_0.wav,normal
dataset/normal/2803-161169-0015_0.wav,normal
dataset/normal/3170-137482-0006_0.wav,normal
dataset/articulation/0244_0.wav,articulation
dataset/normal/1919-142785-0009_0.wav,normal
dataset/stuttering/StutteringIsCool_80_101_0.wav,stuttering
dataset/articulation/0180_16.wav,articulation
dataset/articulation/0088_3.wav,articulation
dataset/normal/2428-83705-0022_0.wav,normal
dataset/normal/174-84280-0004_0.wav,normal
dataset/normal/84-121550-0023_0.wav,normal
dataset/stuttering/StutteringIsCool_80_136_0.wav,stuttering
dataset/articulation/0238_0.wav,articulation
dataset/articulation/0109_0.wav,articulation
dataset/articulation/0045_1.wav,articulation
dataset/articulation/0003_0.wav,articulation
dataset/stuttering/WomenWhoStutter_101_52_0.wav,stuttering
dataset/articulation/0126_0.wav,articulation
dataset/stuttering/StutteringIsCool_75_10_0.wav,stuttering
dataset/articulation/0109_1.wav,articulation
dataset/articulation/0044_0.wav,articulation
dataset/articulation/0144_0.wav,articulation
dataset/normal/84-121550-0022_0.wav,normal
dataset/articulation/0074_0.wav,articulation
dataset/articulation/0037_0.wav,articulation
dataset/articulation/0180_18.wav,articulation
dataset/articulation/0149_0.wav,articulation
dataset/articulation/0032_0.wav,articulation
dataset/normal/2035-152373-0005_0.wav,normal
dataset/normal/422-122949-0024_1.wav,normal
dataset/normal/1673-143397-0003_0.wav,normal
dataset/stuttering/WomenWhoStutter_103_81_0.wav,stuttering
dataset/normal/652-129742-0016_1.wav,normal
dataset/stuttering/StutteringIsCool_73_6_0.wav,stuttering
dataset/stuttering/WomenWhoStutter_101_85_0.wav,stuttering
dataset/stuttering/WomenWhoStutter_97_114_0.wav,stuttering
dataset/stuttering/StutteringIsCool_70_21_0.wav,stuttering
dataset/articulation/0153_0.wav,articulation
dataset/normal/1988-147956-0008_2.wav,normal
dataset/stuttering/StutteringIsCool_78_36_0.wav,stuttering
dataset/articulation/0196_0.wav,articulation
dataset/articulation/0165_1.wav,articulation
dataset/normal/2035-152373-0012_0.wav,normal
dataset/stuttering/WomenWhoStutter_101_151_0.wav,stuttering
dataset/articulation/0167_0.wav,articulation
dataset/stuttering/StutteringIsCool_76_5_0.wav,stuttering
dataset/stuttering/WomenWhoStutter_106_6_0.wav,stuttering
dataset/stuttering/WomenWhoStutter_105_1_0.wav,stuttering
dataset/stuttering/WomenWhoStutter_103_65_0.wav,stuttering
dataset/stuttering/StutteringIsCool_71_21_0.wav,stuttering
dataset/stuttering/WomenWhoStutter_97_22_0.wav,stuttering
dataset/articulation/0101_0.wav,articulation
dataset/normal/1919-142785-0059_0.wav,normal
dataset/normal/1462-170138-0013_0.wav,normal
dataset/normal/251-137823-0021_0.wav,normal
dataset/articulation/0116_0.wav,articulation
dataset/normal/1462-170142-0001_0.wav,normal
dataset/stuttering/WomenWhoStutter_103_181_0.wav,stuttering
dataset/stuttering/WomenWhoStutter_98_13_0.wav,stuttering
dataset/stuttering/WomenWhoStutter_99_150_0.wav,stuttering
dataset/normal/2412-153954-0002_0.wav,normal
dataset/articulation/0115_1.wav,articulation
dataset/stuttering/StutteringIsCool_66_30_0.wav,stuttering
dataset/stuttering/StutteringIsCool_82_81_0.wav,stuttering
dataset/articulation/0133_0.wav,articulation
dataset/normal/1462-170145-0017_0.wav,normal
dataset/articulation/0043_1.wav,articulation
dataset/normal/3081-166546-0062_1.wav,normal
dataset/normal/3170-137482-0000_0.wav,normal
dataset/normal/1272-141231-0025_0.wav,normal
dataset/articulation/0004_0.wav,articulation
dataset/normal/3170-137482-0003_2.wav,normal
dataset/stuttering/StutteringIsCool_80_154_0.wav,stuttering
dataset/normal/1272-141231-0026_0.wav,normal
dataset/normal/84-121123-0002_2.wav,normal
dataset/stuttering/StutteringIsCool_68_6_0.wav,stuttering
dataset/normal/1673-143396-0014_0.wav,normal
dataset/articulation/0040_0.wav,articulation
dataset/articulation/0017_0.wav,articulation
dataset/articulation/0201_0.wav,articulation
dataset/stuttering/WomenWhoStutter_103_0_0.wav,stuttering
dataset/stuttering/WomenWhoStutter_103_26_0.wav,stuttering
dataset/articulation/0213_0.wav,articulation
dataset/normal/2803-161169-0008_1.wav,normal
dataset/stuttering/StutteringIsCool_82_64_0.wav,stuttering
dataset/normal/1272-141231-0015_0.wav,normal
dataset/articulation/0114_0.wav,articulation
dataset/articulation/0084_1.wav,articulation
dataset/normal/2428-83699-0018_0.wav,normal
dataset/articulation/0197_0.wav,articulation
dataset/normal/3081-166546-0050_0.wav,normal
dataset/normal/2035-147960-0010_1.wav,normal
dataset/stuttering/WomenWhoStutter_97_149_0.wav,stuttering
dataset/articulation/0035_1.wav,articulation
dataset/articulation/0068_0.wav,articulation
dataset/stuttering/WomenWhoStutter_99_179_0.wav,stuttering
dataset/articulation/0218_0.wav,articulation
dataset/stuttering/WomenWhoStutter_101_212_0.wav,stuttering
dataset/stuttering/StutteringIsCool_80_52_0.wav,stuttering
dataset/articulation/0170_0.wav,articulation
dataset/stuttering/StutteringIsCool_80_12_0.wav,stuttering
dataset/articulation/0125_0.wav,articulation
dataset/stuttering/StutteringIsCool_71_35_0.wav,stuttering
dataset/normal/3170-137482-0041_0.wav,normal
dataset/normal/1462-170142-0031_0.wav,normal
dataset/normal/3000-15664-0001_2.wav,normal
dataset/articulation/0054_0.wav,articulation
dataset/normal/3081-166546-0027_0.wav,normal
dataset/normal/1988-148538-0003_0.wav,normal
dataset/stuttering/StutteringIsCool_80_8_0.wav,stuttering
dataset/articulation/0097_0.wav,articulation
dataset/stuttering/WomenWhoStutter_108_27_0.wav,stuttering
dataset/normal/2412-153948-0003_1.wav,normal
dataset/articulation/0180_22.wav,articulation
dataset/stuttering/StutteringIsCool_80_65_0.wav,stuttering
dataset/articulation/0220_0.wav,articulation
dataset/normal/2277-149897-0019_0.wav,normal
dataset/articulation/0106_0.wav,articulation
dataset/normal/3000-15664-0034_0.wav,normal
dataset/articulation/0262_0.wav,articulation
dataset/normal/2086-149220-0016_0.wav,normal
dataset/normal/2428-83699-0005_0.wav,normal
dataset/articulation/0042_0.wav,articulation
dataset/articulation/0111_0.wav,articulation
dataset/normal/2412-153947-0005_1.wav,normal
dataset/stuttering/WomenWhoStutter_101_201_0.wav,stuttering
dataset/articulation/0232_0.wav,articulation
dataset/normal/2428-83705-0002_2.wav,normal
dataset/stuttering/WomenWhoStutter_99_178_0.wav,stuttering
dataset/articulation/0129_0.wav,articulation
dataset/stuttering/StutteringIsCool_75_8_0.wav,stuttering
dataset/stuttering/WomenWhoStutter_97_140_0.wav,stuttering
dataset/articulation/0072_0.wav,articulation
dataset/normal/2078-142845-0017_0.wav,normal
dataset/stuttering/StutteringIsCool_71_28_0.wav,stuttering
dataset/normal/1988-24833-0012_0.wav,normal
dataset/articulation/0180_33.wav,articulation
dataset/articulation/0180_23.wav,articulation
dataset/normal/2086-149220-0002_2.wav,normal
dataset/normal/2277-149896-0030_0.wav,normal
dataset/normal/3170-137482-0004_0.wav,normal
dataset/stuttering/StutteringIsCool_80_133_0.wav,stuttering
dataset/stuttering/StutteringIsCool_82_8_0.wav,stuttering
dataset/stuttering/WomenWhoStutter_103_3_0.wav,stuttering
dataset/normal/251-137823-0017_0.wav,normal
dataset/stuttering/WomenWhoStutter_99_79_0.wav,stuttering
dataset/stuttering/StutteringIsCool_66_6_0.wav,stuttering
dataset/stuttering/StutteringIsCool_69_10_0.wav,stuttering
dataset/articulation/0105_0.wav,articulation
dataset/articulation/0034_0.wav,articulation
dataset/stuttering/WomenWhoStutter_103_17_0.wav,stuttering
dataset/stuttering/StutteringIsCool_82_52_0.wav,stuttering
dataset/articulation/0130_0.wav,articulation
dataset/articulation/0248_0.wav,articulation
dataset/stuttering/WomenWhoStutter_97_152_0.wav,stuttering
dataset/normal/174-168635-0012_0.wav,normal
dataset/articulation/0271_0.wav,articulation
dataset/stuttering/StutteringIsCool_74_1_0.wav,stuttering
dataset/normal/2078-142845-0019_0.wav,normal
dataset/normal/2902-9006-0001_1.wav,normal
dataset/normal/2277-149874-0001_0.wav,normal
dataset/articulation/0087_0.wav,articulation
dataset/normal/174-84280-0004_1.wav,normal
dataset/normal/1272-141231-0002_1.wav,normal
dataset/normal/1673-143396-0013_0.wav,normal
dataset/articulation/0111_1.wav,articulation
dataset/normal/1988-148538-0012_0.wav,normal
dataset/stuttering/WomenWhoStutter_97_143_0.wav,stuttering
dataset/stuttering/WomenWhoStutter_99_26_0.wav,stuttering
dataset/normal/2086-149220-0041_1.wav,normal
dataset/normal/2086-149220-0012_1.wav,normal
dataset/articulation/0140_0.wav,articulation
dataset/stuttering/WomenWhoStutter_106_19_0.wav,stuttering
dataset/articulation/0268_0.wav,articulation
dataset/stuttering/StutteringIsCool_72_14_0.wav,stuttering
dataset/normal/2035-147960-0004_0.wav,normal
dataset/normal/2277-149897-0032_0.wav,normal
dataset/normal/3000-15664-0031_1.wav,normal
dataset/stuttering/WomenWhoStutter_102_8_0.wav,stuttering
dataset/normal/1993-147149-0022_2.wav,normal
dataset/articulation/0067_1.wav,articulation
dataset/articulation/0001_1.wav,articulation
dataset/normal/2086-149214-0004_0.wav,normal
dataset/articulation/0139_0.wav,articulation
dataset/articulation/0181_2.wav,articulation
dataset/articulation/0021_0.wav,articulation
dataset/stuttering/StutteringIsCool_73_5_0.wav,stuttering
dataset/normal/2277-149897-0004_0.wav,normal
dataset/normal/652-129742-0010_0.wav,normal
dataset/articulation/0159_0.wav,articulation
dataset/articulation/0191_1.wav,articulation
dataset/articulation/0180_14.wav,articulation
dataset/normal/422-122949-0022_1.wav,normal
dataset/stuttering/StutteringIsCool_73_20_0.wav,stuttering
dataset/normal/2277-149874-0014_0.wav,normal
dataset/normal/3170-137482-0043_1.wav,normal
dataset/stuttering/StutteringIsCool_82_99_0.wav,stuttering
dataset/articulation/0042_1.wav,articulation
dataset/stuttering/WomenWhoStutter_106_20_0.wav,stuttering
dataset/articulation/0075_0.wav,articulation
dataset/articulation/0180_5.wav,articulation
dataset/normal/2412-153954-0017_0.wav,normal
dataset/normal/84-121550-0029_0.wav,normal
dataset/stuttering/StutteringIsCool_77_27_0.wav,stuttering
dataset/stuttering/StutteringIsCool_76_23_0.wav,stuttering
dataset/articulation/0254_0.wav,articulation
dataset/normal/3081-166546-0030_2.wav,normal
dataset/stuttering/WomenWhoStutter_97_175_0.wav,stuttering
dataset/stuttering/WomenWhoStutter_101_194_0.wav,stuttering
dataset/stuttering/WomenWhoStutter_101_187_0.wav,stuttering
dataset/stuttering/StutteringIsCool_66_25_0.wav,stuttering
dataset/stuttering/StutteringIsCool_78_31_0.wav,stuttering
dataset/stuttering/StutteringIsCool_81_9_0.wav,stuttering
dataset/stuttering/WomenWhoStutter_106_16_0.wav,stuttering
dataset/articulation/0073_0.wav,articulation
dataset/stuttering/WomenWhoStutter_98_35_0.wav,stuttering
dataset/stuttering/StutteringIsCool_80_93_0.wav,stuttering
dataset/stuttering/StutteringIsCool_77_20_0.wav,stuttering
dataset/articulation/0154_0.wav,articulation
dataset/normal/1919-142785-0008_0.wav,normal
dataset/stuttering/WomenWhoStutter_97_89_0.wav,stuttering
dataset/normal/777-126732-0008_0.wav,normal
dataset/articulation/0129_1.wav,articulation
dataset/stuttering/WomenWhoStutter_103_35_0.wav,stuttering
dataset/stuttering/WomenWhoStutter_106_26_0.wav,stuttering
dataset/articulation/0180_11.wav,articulation
dataset/normal/2803-154328-0018_1.wav,normal
dataset/stuttering/WomenWhoStutter_103_53_0.wav,stuttering
dataset/normal/2412-153948-0012_0.wav,normal
dataset/stuttering/StutteringIsCool_78_4_0.wav,stuttering
dataset/stuttering/WomenWhoStutter_99_24_0.wav,stuttering
dataset/normal/3081-166546-0007_0.wav,normal
dataset/normal/1919-142785-0043_0.wav,normal
dataset/stuttering/StutteringIsCool_79_32_0.wav,stuttering
dataset/articulation/0071_0.wav,articulation
dataset/normal/1462-170138-0005_2.wav,normal
dataset/articulation/0208_0.wav,articulation
dataset/stuttering/WomenWhoStutter_101_24_0.wav,stuttering
dataset/articulation/0221_0.wav,articulation
dataset/stuttering/WomenWhoStutter_107_35_0.wav,stuttering
dataset/stuttering/StutteringIsCool_80_126_0.wav,stuttering
dataset/stuttering/WomenWhoStutter_99_99_0.wav,stuttering
dataset/articulation/0088_1.wav,articulation
dataset/stuttering/WomenWhoStutter_107_31_0.wav,stuttering
dataset/articulation/0180_17.wav,articulation
dataset/normal/1673-143396-0011_1.wav,normal
dataset/stuttering/StutteringIsCool_80_160_0.wav,stuttering
dataset/normal/777-126732-0016_1.wav,normal
dataset/stuttering/WomenWhoStutter_97_194_0.wav,stuttering
dataset/normal/1988-147956-0024_0.wav,normal
dataset/articulation/0024_0.wav,articulation
dataset/articulation/0110_0.wav,articulation
dataset/articulation/0138_0.wav,articulation
dataset/stuttering/WomenWhoStutter_99_205_0.wav,stuttering
dataset/stuttering/StutteringIsCool_82_117_0.wav,stuttering
dataset/stuttering/StutteringIsCool_79_26_0.wav,stuttering
dataset/normal/2086-149214-0004_2.wav,normal
dataset/articulation/0117_0.wav,articulation
dataset/articulation/0249_0.wav,articulation
dataset/normal/2277-149897-0010_0.wav,normal
dataset/normal/1272-128104-0011_1.wav,normal
dataset/stuttering/WomenWhoStutter_99_128_0.wav,stuttering
dataset/normal/2428-83705-0037_0.wav,normal
dataset/stuttering/StutteringIsCool_69_35_0.wav,stuttering
dataset/stuttering/WomenWhoStutter_99_147_0.wav,stuttering
dataset/normal/3170-137482-0044_2.wav,normal
dataset/stuttering/WomenWhoStutter_109_5_0.wav,stuttering
dataset/stuttering/StutteringIsCool_80_56_0.wav,stuttering
dataset/stuttering/StutteringIsCool_69_15_0.wav,stuttering
dataset/stuttering/StutteringIsCool_68_1_0.wav,stuttering
dataset/normal/1272-128104-0003_1.wav,normal
dataset/normal/2412-153954-0009_1.wav,normal
dataset/normal/652-129742-0020_0.wav,normal
dataset/articulation/0147_0.wav,articulation
dataset/normal/2803-161169-0005_0.wav,normal
dataset/stuttering/StutteringIsCool_80_92_0.wav,stuttering
dataset/articulation/0049_0.wav,articulation
dataset/stuttering/StutteringIsCool_80_153_0.wav,stuttering
dataset/normal/1673-143397-0016_0.wav,normal
dataset/stuttering/WomenWhoStutter_99_158_0.wav,stuttering
dataset/normal/1919-142785-0036_0.wav,normal
dataset/stuttering/WomenWhoStutter_97_122_0.wav,stuttering
dataset/normal/174-168635-0004_0.wav,normal
dataset/normal/422-122949-0020_3.wav,normal
dataset/stuttering/WomenWhoStutter_104_11_0.wav,stuttering
dataset/articulation/0064_0.wav,articulation
dataset/articulation/0165_2.wav,articulation
dataset/articulation/0005_0.wav,articulation
dataset/normal/251-136532-0001_0.wav,normal
dataset/articulation/0062_0.wav,articulation
dataset/normal/3000-15664-0030_0.wav,normal
dataset/stuttering/WomenWhoStutter_99_77_0.wav,stuttering
dataset/articulation/0164_0.wav,articulation
dataset/stuttering/WomenWhoStutter_101_21_0.wav,stuttering
dataset/stuttering/WomenWhoStutter_102_12_0.wav,stuttering
dataset/articulation/0180_27.wav,articulation
dataset/articulation/0177_1.wav,articulation
dataset/stuttering/StutteringIsCool_68_10_0.wav,stuttering
dataset/articulation/0241_0.wav,articulation
dataset/articulation/0127_0.wav,articulation
dataset/stuttering/StutteringIsCool_80_102_0.wav,stuttering
dataset/articulation/0180_29.wav,articulation
dataset/stuttering/StutteringIsCool_76_26_0.wav,stuttering
dataset/normal/1988-148538-0011_1.wav,normal
dataset/normal/174-84280-0008_0.wav,normal
dataset/normal/2412-153954-0003_1.wav,normal
dataset/articulation/0116_1.wav,articulation
dataset/normal/251-136532-0011_0.wav,normal
dataset/stuttering/StutteringIsCool_70_36_0.wav,stuttering
dataset/normal/3081-166546-0051_1.wav,normal
dataset/articulation/0055_0.wav,articulation
dataset/normal/1462-170138-0000_0.wav,normal
dataset/stuttering/StutteringIsCool_78_8_0.wav,stuttering
dataset/normal/2086-149220-0030_0.wav,normal
dataset/stuttering/StutteringIsCool_74_32_0.wav,stuttering
dataset/articulation/0002_1.wav,articulation
dataset/stuttering/WomenWhoStutter_97_118_0.wav,stuttering
dataset/articulation/0015_0.wav,articulation
dataset/articulation/0160_0.wav,articulation
dataset/normal/1988-148538-0004_0.wav,normal
dataset/normal/1993-147149-0027_0.wav,normal
dataset/articulation/0180_1.wav,articulation
dataset/articulation/0180_21.wav,articulation
dataset/stuttering/StutteringIsCool_80_180_0.wav,stuttering
dataset/articulation/0001_0.wav,articulation
dataset/articulation/0056_0.wav,articulation
dataset/stuttering/StutteringIsCool_72_8_0.wav,stuttering
dataset/articulation/0128_0.wav,articulation
dataset/articulation/0038_0.wav,articulation
dataset/stuttering/StutteringIsCool_71_13_0.wav,stuttering
dataset/stuttering/StutteringIsCool_80_111_0.wav,stuttering
dataset/stuttering/StutteringIsCool_71_15_0.wav,stuttering
dataset/normal/2086-149220-0011_1.wav,normal
dataset/stuttering/WomenWhoStutter_99_186_0.wav,stuttering
dataset/stuttering/WomenWhoStutter_105_15_0.wav,stuttering
dataset/stuttering/StutteringIsCool_82_103_0.wav,stuttering
dataset/normal/1988-147956-0027_0.wav,normal
dataset/stuttering/WomenWhoStutter_99_206_0.wav,stuttering
dataset/normal/3170-137482-0003_0.wav,normal
dataset/stuttering/WomenWhoStutter_99_155_0.wav,stuttering
dataset/normal/1673-143397-0016_1.wav,normal
dataset/normal/422-122949-0033_0.wav,normal
dataset/normal/1988-148538-0015_0.wav,normal
dataset/normal/3000-15664-0001_3.wav,normal
dataset/normal/422-122949-0015_0.wav,normal
dataset/normal/3170-137482-0022_2.wav,normal
dataset/normal/1993-147149-0015_0.wav,normal
dataset/stuttering/StutteringIsCool_80_16_0.wav,stuttering
dataset/stuttering/StutteringIsCool_82_42_0.wav,stuttering
dataset/normal/84-121550-0024_1.wav,normal
dataset/stuttering/WomenWhoStutter_102_35_0.wav,stuttering
dataset/stuttering/WomenWhoStutter_104_33_0.wav,stuttering
dataset/normal/1462-170142-0020_0.wav,normal
dataset/stuttering/StutteringIsCool_80_113_0.wav,stuttering
dataset/articulation/0202_1.wav,articulation
dataset/normal/84-121550-0024_0.wav,normal
dataset/stuttering/WomenWhoStutter_101_44_0.wav,stuttering
dataset/articulation/0096_0.wav,articulation
dataset/articulation/0180_26.wav,articulation
dataset/articulation/0020_0.wav,articulation
dataset/articulation/0078_0.wav,articulation
dataset/articulation/0180_25.wav,articulation
dataset/articulation/0235_1.wav,articulation
dataset/normal/652-129742-0009_0.wav,normal
dataset/stuttering/WomenWhoStutter_101_105_0.wav,stuttering
dataset/articulation/0225_0.wav,articulation
dataset/articulation/0079_0.wav,articulation
dataset/stuttering/WomenWhoStutter_97_113_0.wav,stuttering
dataset/articulation/0035_0.wav,articulation
dataset/stuttering/WomenWhoStutter_101_206_0.wav,stuttering
dataset/articulation/0181_1.wav,articulation
dataset/stuttering/WomenWhoStutter_101_1_0.wav,stuttering
dataset/articulation/0180_28.wav,articulation
dataset/articulation/0157_0.wav,articulation
dataset/normal/251-136532-0003_2.wav,normal
dataset/articulation/0063_0.wav,articulation
dataset/stuttering/WomenWhoStutter_97_196_0.wav,stuttering
dataset/normal/1988-24833-0001_0.wav,normal
dataset/stuttering/WomenWhoStutter_100_13_0.wav,stuttering
dataset/articulation/0033_0.wav,articulation
dataset/articulation/0095_0.wav,articulation
dataset/stuttering/WomenWhoStutter_103_91_0.wav,stuttering
dataset/normal/84-121550-0027_0.wav,normal
dataset/stuttering/WomenWhoStutter_103_64_0.wav,stuttering
dataset/normal/2412-153947-0003_1.wav,normal
dataset/stuttering/WomenWhoStutter_103_13_0.wav,stuttering
dataset/articulation/0278_0.wav,articulation
dataset/articulation/0065_0.wav,articulation
dataset/normal/2428-83699-0012_1.wav,normal
dataset/stuttering/WomenWhoStutter_101_202_0.wav,stuttering
dataset/stuttering/WomenWhoStutter_105_32_0.wav,stuttering
dataset/stuttering/StutteringIsCool_82_130_0.wav,stuttering
dataset/normal/422-122949-0031_0.wav,normal
dataset/normal/84-121550-0011_0.wav,normal
dataset/articulation/0108_0.wav,articulation
dataset/articulation/0180_13.wav,articulation
dataset/articulation/0067_0.wav,articulation
dataset/normal/2035-147961-0008_0.wav,normal
dataset/stuttering/StutteringIsCool_76_8_0.wav,stuttering
dataset/stuttering/StutteringIsCool_69_32_0.wav,stuttering
dataset/stuttering/WomenWhoStutter_99_114_0.wav,stuttering
dataset/stuttering/WomenWhoStutter_97_90_0.wav,stuttering
dataset/normal/174-84280-0013_2.wav,normal
dataset/stuttering/WomenWhoStutter_99_44_0.wav,stuttering
dataset/stuttering/WomenWhoStutter_97_130_0.wav,stuttering
dataset/articulation/0082_0.wav,articulation
dataset/stuttering/StutteringIsCool_74_16_0.wav,stuttering
dataset/articulation/0180_9.wav,articulation
dataset/normal/2035-152373-0015_1.wav,normal
dataset/articulation/0120_0.wav,articulation
dataset/normal/2086-149220-0033_0.wav,normal
dataset/stuttering/StutteringIsCool_80_134_0.wav,stuttering
dataset/articulation/0191_0.wav,articulation
dataset/articulation/0242_0.wav,articulation
dataset/normal/1673-143396-0004_2.wav,normal
dataset/articulation/0235_0.wav,articulation
dataset/articulation/0046_0.wav,articulation
dataset/articulation/0204_0.wav,articulation
dataset/articulation/0045_0.wav,articulation
dataset/articulation/0202_0.wav,articulation
dataset/articulation/0180_31.wav,articulation
